strike,expiry,T,type,impliedVolatility,bid,ask,spot,moneyness
630.0,2026-07-20,0.00821917808219178,call,0.9248054394531251,118.92,122.37,750.719970703125,0.8391944061511264
655.0,2026-07-20,0.00821917808219178,call,0.7597680273437502,93.94,97.41,750.719970703125,0.8724957714745838
660.0,2026-07-20,0.00821917808219178,call,0.6914093359375001,88.63,92.07,750.719970703125,0.8791560445392753
680.0,2026-07-20,0.00821917808219178,call,0.5643354113769532,68.59,72.11,750.719970703125,0.9057971367980412
685.0,2026-07-20,0.00821917808219178,call,0.5295457202148439,63.65,67.09,750.719970703125,0.9124574098627327
690.0,2026-07-20,0.00821917808219178,call,0.4974415490722657,58.97,62.1,750.719970703125,0.9191176829274241
695.0,2026-07-20,0.00821917808219178,call,0.46594772338867196,53.6,57.12,750.719970703125,0.9257779559921157
700.0,2026-07-20,0.00821917808219178,call,0.450200810546875,48.97,52.36,750.719970703125,0.9324382290568071
703.0,2026-07-20,0.00821917808219178,call,0.42664147583007817,45.97,49.32,750.719970703125,0.936434392895622
705.0,2026-07-20,0.00821917808219178,call,0.4162656030273437,43.98,47.37,750.719970703125,0.9390985021214986
709.0,2026-07-20,0.00821917808219178,call,0.3922179919433594,39.98,43.43,750.719970703125,0.9444267205732518
710.0,2026-07-20,0.00821917808219178,call,0.36536279174804687,38.98,42.13,750.719970703125,0.9457587751861901
712.0,2026-07-20,0.00821917808219178,call,0.3627993408203125,36.57,40.3,750.719970703125,0.9484228844120667
715.0,2026-07-20,0.00821917808219178,call,0.18946123046875002,34.1,35.8,750.719970703125,0.9524190482508815
716.0,2026-07-20,0.00821917808219178,call,0.3399724206542969,33.01,36.39,750.719970703125,0.9537511028638198
717.0,2026-07-20,0.00821917808219178,call,0.3053047985839844,31.65,34.95,750.719970703125,0.9550831574767582
718.0,2026-07-20,0.00821917808219178,call,0.31238480590820306,30.77,34.17,750.719970703125,0.9564152120896965
720.0,2026-07-20,0.00821917808219178,call,0.3154365332031249,29.03,32.47,750.719970703125,0.959079321315573
722.0,2026-07-20,0.00821917808219178,call,0.2845530529785155,26.8,30.18,750.719970703125,0.9617434305414496
723.0,2026-07-20,0.00821917808219178,call,0.2868723657226562,26.04,29.35,750.719970703125,0.9630754851543879
724.0,2026-07-20,0.00821917808219178,call,0.28003649658203117,25.05,28.36,750.719970703125,0.9644075397673262
726.0,2026-07-20,0.00821917808219178,call,0.1687094848632813,24.54,24.99,750.719970703125,0.9670716489932029
728.0,2026-07-20,0.00821917808219178,call,0.2371902453613281,22.47,24.11,750.719970703125,0.9697357582190794
729.0,2026-07-20,0.00821917808219178,call,0.23035437622070312,21.4,23.12,750.719970703125,0.9710678128320177
730.0,2026-07-20,0.00821917808219178,call,0.1289149609375,20.52,20.86,750.719970703125,0.972399867444956
731.0,2026-07-20,0.00821917808219178,call,0.21851367431640623,18.19,21.18,750.719970703125,0.9737319220578943
732.0,2026-07-20,0.00821917808219178,call,0.21143366699218746,18.6,20.19,750.719970703125,0.9750639766708326
733.0,2026-07-20,0.00821917808219178,call,0.215828154296875,17.6,19.45,750.719970703125,0.9763960312837708
734.0,2026-07-20,0.00821917808219178,call,0.20606262695312497,16.64,18.41,750.719970703125,0.9777280858967092
735.0,2026-07-20,0.00821917808219178,call,0.11206942626953123,15.63,15.94,750.719970703125,0.9790601405096475
736.0,2026-07-20,0.00821917808219178,call,0.11292390991210938,14.66,15.01,750.719970703125,0.9803921951225858
737.0,2026-07-20,0.00821917808219178,call,0.1818319122314453,13.76,15.41,750.719970703125,0.9817242497355241
738.0,2026-07-20,0.00821917808219178,call,0.1176846044921875,12.94,13.25,750.719970703125,0.9830563043484624
739.0,2026-07-20,0.00821917808219178,call,0.10657631713867188,11.91,12.18,750.719970703125,0.9843883589614006
740.0,2026-07-20,0.00821917808219178,call,0.11072666625976563,11.08,11.37,750.719970703125,0.9857204135743389
741.0,2026-07-20,0.00821917808219178,call,0.1603477520751953,10.13,11.74,750.719970703125,0.9870524681872772
742.0,2026-07-20,0.00821917808219178,call,0.1098721826171875,9.41,9.67,750.719970703125,0.9883845228002156
743.0,2026-07-20,0.00821917808219178,call,0.10474528076171874,8.49,8.74,750.719970703125,0.9897165774131539
744.0,2026-07-20,0.00821917808219178,call,0.10297527893066405,7.67,7.91,750.719970703125,0.9910486320260922
745.0,2026-07-20,0.00821917808219178,call,0.09955734436035156,6.92,7.06,750.719970703125,0.9923806866390305
746.0,2026-07-20,0.00821917808219178,call,0.09565113342285157,6.08,6.22,750.719970703125,0.9937127412519687
747.0,2026-07-20,0.00821917808219178,call,0.09186699157714844,5.28,5.41,750.719970703125,0.995044795864907
748.0,2026-07-20,0.00821917808219178,call,0.09497975341796877,4.73,4.86,750.719970703125,0.9963768504778453
749.0,2026-07-20,0.00821917808219178,call,0.08747250427246095,3.99,4.0,750.719970703125,0.9977089050907836
750.0,2026-07-20,0.00821917808219178,call,0.08692319335937501,3.39,3.42,750.719970703125,0.9990409597037219
751.0,2026-07-20,0.00821917808219178,call,0.08637388244628907,2.86,2.89,750.719970703125,1.0003730143166603
752.0,2026-07-20,0.00821917808219178,call,0.08454284606933596,2.34,2.37,750.719970703125,1.0017050689295985
753.0,2026-07-20,0.00821917808219178,call,0.08252870605468751,1.88,1.9,750.719970703125,1.0030371235425368
754.0,2026-07-20,0.00821917808219178,call,0.07935490966796876,1.43,1.45,750.719970703125,1.004369178155475
755.0,2026-07-20,0.00821917808219178,call,0.07807318420410157,1.1,1.12,750.719970703125,1.0057012327684134
756.0,2026-07-20,0.00821917808219178,call,0.07703559692382814,0.83,0.85,750.719970703125,1.0070332873813517
757.0,2026-07-20,0.00821917808219178,call,0.07557076782226566,0.61,0.62,750.719970703125,1.00836534199429
758.0,2026-07-20,0.00821917808219178,call,0.07422800781250001,0.43,0.44,750.719970703125,1.0096973966072282
759.0,2026-07-20,0.00821917808219178,call,0.07203076416015625,0.28,0.29,750.719970703125,1.0110294512201665
760.0,2026-07-20,0.00821917808219178,call,0.07239697143554688,0.2,0.21,750.719970703125,1.0123615058331048
761.0,2026-07-20,0.00821917808219178,call,0.0727631787109375,0.13,0.15,750.719970703125,1.013693560446043
762.0,2026-07-20,0.00821917808219178,call,0.07227490234375,0.09,0.1,750.719970703125,1.0150256150589814
763.0,2026-07-20,0.00821917808219178,call,0.0727631787109375,0.06,0.07,750.719970703125,1.0163576696719199
764.0,2026-07-20,0.00821917808219178,call,0.07373973144531251,0.04,0.05,750.719970703125,1.0176897242848582
765.0,2026-07-20,0.00821917808219178,call,0.07569283691406252,0.03,0.04,750.719970703125,1.0190217788977964
766.0,2026-07-20,0.00821917808219178,call,0.07715766601562501,0.02,0.03,750.719970703125,1.0203538335107347
767.0,2026-07-20,0.00821917808219178,call,0.081063876953125,0.02,0.03,750.719970703125,1.021685888123673
768.0,2026-07-20,0.00821917808219178,call,0.081063876953125,0.01,0.02,750.719970703125,1.0230179427366113
769.0,2026-07-20,0.00821917808219178,call,0.08497008789062502,0.01,0.02,750.719970703125,1.0243499973495496
770.0,2026-07-20,0.00821917808219178,call,0.088876298828125,0.01,0.02,750.719970703125,1.0256820519624879
771.0,2026-07-20,0.00821917808219178,call,0.0937590625,0.01,0.02,750.719970703125,1.0270141065754261
772.0,2026-07-20,0.00821917808219178,call,0.0976652734375,0.01,0.02,750.719970703125,1.0283461611883644
773.0,2026-07-20,0.00821917808219178,call,0.10157148437499999,0.01,0.02,750.719970703125,1.0296782158013027
774.0,2026-07-20,0.00821917808219178,call,0.1054776953125,0.01,0.02,750.719970703125,1.031010270414241
775.0,2026-07-20,0.00821917808219178,call,0.10938390625,0.01,0.02,750.719970703125,1.0323423250271793
776.0,2026-07-20,0.00821917808219178,call,0.1132901171875,0.01,0.02,750.719970703125,1.0336743796401175
777.0,2026-07-20,0.00821917808219178,call,0.117196328125,0.01,0.02,750.719970703125,1.0350064342530558
778.0,2026-07-20,0.00821917808219178,call,0.1211025390625,0.01,0.02,750.719970703125,1.0363384888659941
779.0,2026-07-20,0.00821917808219178,call,0.12500875,0.01,0.02,750.719970703125,1.0376705434789324
780.0,2026-07-20,0.00821917808219178,call,0.1289149609375,0.01,0.02,750.719970703125,1.039002598091871
781.0,2026-07-20,0.00821917808219178,call,0.132821171875,0.01,0.02,750.719970703125,1.0403346527048092
782.0,2026-07-20,0.00821917808219178,call,0.13672738281250002,0.01,0.02,750.719970703125,1.0416667073177475
783.0,2026-07-20,0.00821917808219178,call,0.139657041015625,0.01,0.02,750.719970703125,1.0429987619306857
784.0,2026-07-20,0.00821917808219178,call,0.143563251953125,0.01,0.02,750.719970703125,1.044330816543624
785.0,2026-07-20,0.00821917808219178,call,0.14649291015625,0.01,0.02,750.719970703125,1.0456628711565623
786.0,2026-07-20,0.00821917808219178,call,0.15039912109375003,0.01,0.02,750.719970703125,1.0469949257695006
787.0,2026-07-20,0.00821917808219178,call,0.15430533203125002,0.01,0.02,750.719970703125,1.0483269803824389
788.0,2026-07-20,0.00821917808219178,call,0.15821154296875,0.01,0.02,750.719970703125,1.0496590349953772
789.0,2026-07-20,0.00821917808219178,call,0.16211775390625,0.01,0.02,750.719970703125,1.0509910896083154
790.0,2026-07-20,0.00821917808219178,call,0.16602396484375004,0.01,0.02,750.719970703125,1.0523231442212537
791.0,2026-07-20,0.00821917808219178,call,0.16993017578125003,0.01,0.02,750.719970703125,1.053655198834192
792.0,2026-07-20,0.00821917808219178,call,0.17383638671875,0.01,0.02,750.719970703125,1.0549872534471303
793.0,2026-07-20,0.00821917808219178,call,0.176766044921875,0.01,0.02,750.719970703125,1.0563193080600686
794.0,2026-07-20,0.00821917808219178,call,0.179695703125,0.01,0.02,750.719970703125,1.0576513626730069
795.0,2026-07-20,0.00821917808219178,call,0.18360191406249998,0.01,0.02,750.719970703125,1.0589834172859451
800.0,2026-07-20,0.00821917808219178,call,0.20117986328124998,0.01,0.02,750.719970703125,1.0656436903506368
805.0,2026-07-20,0.00821917808219178,call,0.21875781249999998,0.01,0.02,750.719970703125,1.0723039634153282
810.0,2026-07-20,0.00821917808219178,call,0.23633576171874998,0.01,0.02,750.719970703125,1.0789642364800196
815.0,2026-07-20,0.00821917808219178,call,0.25391371093750004,0.01,0.02,750.719970703125,1.0856245095447112
665.0,2026-07-20,0.00821917808219178,put,0.3632876171875,0.01,0.02,750.719970703125,0.8858163176039667
670.0,2026-07-20,0.00821917808219178,put,0.3437565625,0.01,0.02,750.719970703125,0.8924765906686583
675.0,2026-07-20,0.00821917808219178,put,0.3242255078124999,0.01,0.02,750.719970703125,0.8991368637333498
680.0,2026-07-20,0.00821917808219178,put,0.30274134765625,0.01,0.02,750.719970703125,0.9057971367980412
685.0,2026-07-20,0.00821917808219178,put,0.28125718749999995,0.01,0.02,750.719970703125,0.9124574098627327
690.0,2026-07-20,0.00821917808219178,put,0.2617261328125,0.01,0.02,750.719970703125,0.9191176829274241
695.0,2026-07-20,0.00821917808219178,put,0.25196060546875,0.02,0.03,750.719970703125,0.9257779559921157
700.0,2026-07-20,0.00821917808219178,put,0.2304764453125,0.02,0.03,750.719970703125,0.9324382290568071
701.0,2026-07-20,0.00821917808219178,put,0.22657023437499998,0.02,0.03,750.719970703125,0.9337702836697455
702.0,2026-07-20,0.00821917808219178,put,0.22266402343749997,0.02,0.03,750.719970703125,0.9351023382826837
703.0,2026-07-20,0.00821917808219178,put,0.21875781249999998,0.02,0.03,750.719970703125,0.936434392895622
704.0,2026-07-20,0.00821917808219178,put,0.2148516015625,0.02,0.03,750.719970703125,0.9377664475085603
705.0,2026-07-20,0.00821917808219178,put,0.20996883789062498,0.02,0.03,750.719970703125,0.9390985021214986
706.0,2026-07-20,0.00821917808219178,put,0.20508607421874997,0.02,0.03,750.719970703125,0.9404305567344369
707.0,2026-07-20,0.00821917808219178,put,0.20801573242187496,0.03,0.04,750.719970703125,0.9417626113473752
708.0,2026-07-20,0.00821917808219178,put,0.20410952148437497,0.03,0.04,750.719970703125,0.9430946659603134
709.0,2026-07-20,0.00821917808219178,put,0.1992267578125,0.03,0.04,750.719970703125,0.9444267205732518
710.0,2026-07-20,0.00821917808219178,put,0.195320546875,0.03,0.04,750.719970703125,0.9457587751861901
711.0,2026-07-20,0.00821917808219178,put,0.19043778320312502,0.03,0.04,750.719970703125,0.9470908297991284
712.0,2026-07-20,0.00821917808219178,put,0.186531572265625,0.03,0.04,750.719970703125,0.9484228844120667
713.0,2026-07-20,0.00821917808219178,put,0.187508125,0.04,0.05,750.719970703125,0.949754939025005
714.0,2026-07-20,0.00821917808219178,put,0.18262536132812499,0.04,0.05,750.719970703125,0.9510869936379432
715.0,2026-07-20,0.00821917808219178,put,0.17774259765625,0.04,0.05,750.719970703125,0.9524190482508815
716.0,2026-07-20,0.00821917808219178,put,0.17383638671875,0.04,0.05,750.719970703125,0.9537511028638198
717.0,2026-07-20,0.00821917808219178,put,0.17285983398437502,0.05,0.06,750.719970703125,0.9550831574767582
718.0,2026-07-20,0.00821917808219178,put,0.16895362304687503,0.05,0.06,750.719970703125,0.9564152120896965
719.0,2026-07-20,0.00821917808219178,put,0.16407085937500002,0.05,0.06,750.719970703125,0.9577472667026348
720.0,2026-07-20,0.00821917808219178,put,0.16309430664062502,0.06,0.07,750.719970703125,0.959079321315573
721.0,2026-07-20,0.00821917808219178,put,0.15821154296875,0.06,0.07,750.719970703125,0.9604113759285113
722.0,2026-07-20,0.00821917808219178,put,0.1562584375,0.07,0.08,750.719970703125,0.9617434305414496
723.0,2026-07-20,0.00821917808219178,put,0.15430533203125002,0.08,0.09,750.719970703125,0.9630754851543879
724.0,2026-07-20,0.00821917808219178,put,0.1518639501953125,0.09,0.1,750.719970703125,0.9644075397673262
725.0,2026-07-20,0.00821917808219178,put,0.1489342919921875,0.1,0.11,750.719970703125,0.9657395943802645
726.0,2026-07-20,0.00821917808219178,put,0.14600463378906248,0.11,0.12,750.719970703125,0.9670716489932029
727.0,2026-07-20,0.00821917808219178,put,0.1430749755859375,0.12,0.13,750.719970703125,0.9684037036061411
728.0,2026-07-20,0.00821917808219178,put,0.139657041015625,0.13,0.14,750.719970703125,0.9697357582190794
729.0,2026-07-20,0.00821917808219178,put,0.1374597973632813,0.15,0.16,750.719970703125,0.9710678128320177
730.0,2026-07-20,0.00821917808219178,put,0.13501841552734378,0.17,0.18,750.719970703125,0.972399867444956
731.0,2026-07-20,0.00821917808219178,put,0.13233289550781252,0.19,0.2,750.719970703125,0.9737319220578943
732.0,2026-07-20,0.00821917808219178,put,0.1313563427734375,0.23,0.24,750.719970703125,0.9750639766708326
733.0,2026-07-20,0.00821917808219178,put,0.1289149609375,0.26,0.27,750.719970703125,0.9763960312837708
734.0,2026-07-20,0.00821917808219178,put,0.124032197265625,0.27,0.28,750.719970703125,0.9777280858967092
735.0,2026-07-20,0.00821917808219178,put,0.12342185180664064,0.33,0.34,750.719970703125,0.9790601405096475
736.0,2026-07-20,0.00821917808219178,put,0.12195702270507813,0.38,0.4,750.719970703125,0.9803921951225858
737.0,2026-07-20,0.00821917808219178,put,0.11914943359374999,0.44,0.45,750.719970703125,0.9817242497355241
738.0,2026-07-20,0.00821917808219178,put,0.11646391357421876,0.49,0.51,750.719970703125,0.9830563043484624
739.0,2026-07-20,0.00821917808219178,put,0.11506011901855469,0.59,0.6,750.719970703125,0.9843883589614006
740.0,2026-07-20,0.00821917808219178,put,0.11231356445312499,0.66,0.68,750.719970703125,0.9857204135743389
741.0,2026-07-20,0.00821917808219178,put,0.11042149353027343,0.78,0.79,750.719970703125,0.9870524681872772
742.0,2026-07-20,0.00821917808219178,put,0.10682045532226564,0.86,0.88,750.719970703125,0.9883845228002156
743.0,2026-07-20,0.00821917808219178,put,0.10639321350097657,1.04,1.06,750.719970703125,0.9897165774131539
744.0,2026-07-20,0.00821917808219178,put,0.10413493530273435,1.21,1.22,750.719970703125,0.9910486320260922
745.0,2026-07-20,0.00821917808219178,put,0.10132734619140624,1.37,1.39,750.719970703125,0.9923806866390305
746.0,2026-07-20,0.00821917808219178,put,0.10169355346679687,1.66,1.68,750.719970703125,0.9937127412519687
747.0,2026-07-20,0.00821917808219178,put,0.0969938934326172,1.83,1.85,750.719970703125,0.995044795864907
748.0,2026-07-20,0.00821917808219178,put,0.09565113342285157,2.13,2.16,750.719970703125,0.9963768504778453
749.0,2026-07-20,0.00821917808219178,put,0.09363699340820314,2.46,2.49,750.719970703125,0.9977089050907836
750.0,2026-07-20,0.00821917808219178,put,0.09009698974609376,2.78,2.81,750.719970703125,0.9990409597037219
751.0,2026-07-20,0.00821917808219178,put,0.09009698974609376,3.28,3.3,750.719970703125,1.0003730143166603
752.0,2026-07-20,0.00821917808219178,put,0.09205009521484375,3.83,3.91,750.719970703125,1.0017050689295985
753.0,2026-07-20,0.00821917808219178,put,0.08881526428222657,4.26,4.39,750.719970703125,1.0030371235425368
754.0,2026-07-20,0.00821917808219178,put,0.08600767517089845,4.76,4.94,750.719970703125,1.004369178155475
755.0,2026-07-20,0.00821917808219178,put,0.09217216430664063,5.57,5.82,750.719970703125,1.0057012327684134
756.0,2026-07-20,0.00821917808219178,put,0.088876298828125,6.16,6.45,750.719970703125,1.0070332873813517
757.0,2026-07-20,0.00821917808219178,put,0.08808284973144533,6.9,7.2,750.719970703125,1.00836534199429
758.0,2026-07-20,0.00821917808219178,put,0.08680112426757813,7.65,7.98,750.719970703125,1.0096973966072282
759.0,2026-07-20,0.00821917808219178,put,0.09186699157714844,8.61,8.93,750.719970703125,1.0110294512201665
760.0,2026-07-20,0.00821917808219178,put,0.10535562622070313,9.68,10.06,750.719970703125,1.0123615058331048
761.0,2026-07-20,0.00821917808219178,put,0.1595543029785156,9.37,12.2,750.719970703125,1.013693560446043
762.0,2026-07-20,0.00821917808219178,put,0.18341881042480468,11.68,13.62,750.719970703125,1.0150256150589814
763.0,2026-07-20,0.00821917808219178,put,0.1920246813964844,11.23,14.62,750.719970703125,1.0163576696719199
764.0,2026-07-20,0.00821917808219178,put,0.19135330139160156,11.87,15.38,750.719970703125,1.0176897242848582
765.0,2026-07-20,0.00821917808219178,put,0.19947089599609374,12.99,16.38,750.719970703125,1.0190217788977964
767.0,2026-07-20,0.00821917808219178,put,0.21546194702148438,14.99,18.38,750.719970703125,1.021685888123673
770.0,2026-07-20,0.00821917808219178,put,0.2381667980957031,18.23,21.37,750.719970703125,1.0256820519624879
771.0,2026-07-20,0.00821917808219178,put,0.2461012890625,18.86,22.38,750.719970703125,1.0270141065754261
775.0,2026-07-20,0.00821917808219178,put,0.27509269836425776,23.22,26.37,750.719970703125,1.0323423250271793
777.0,2026-07-20,0.00821917808219178,put,0.2898630584716796,25.34,28.38,750.719970703125,1.0350064342530558
778.0,2026-07-20,0.00821917808219178,put,0.29694306579589835,26.03,29.38,750.719970703125,1.0363384888659941
779.0,2026-07-20,0.00821917808219178,put,0.31250687499999996,27.22,30.56,750.719970703125,1.0376705434789324
780.0,2026-07-20,0.00821917808219178,put,0.3104317004394531,28.23,31.37,750.719970703125,1.039002598091871
781.0,2026-07-20,0.00821917808219178,put,0.3177558459472656,29.22,32.38,750.719970703125,1.0403346527048092
782.0,2026-07-20,0.00821917808219178,put,0.324652749633789,30.07,33.38,750.719970703125,1.0416667073177475
783.0,2026-07-20,0.00821917808219178,put,0.3309393078613281,31.23,34.37,750.719970703125,1.0429987619306857
784.0,2026-07-20,0.00821917808219178,put,0.3350896569824219,32.23,35.32,750.719970703125,1.044330816543624
785.0,2026-07-20,0.00821917808219178,put,0.3413151806640625,33.23,36.31,750.719970703125,1.0456628711565623
786.0,2026-07-20,0.00821917808219178,put,0.35156898437499995,34.07,37.38,750.719970703125,1.0469949257695006
787.0,2026-07-20,0.00821917808219178,put,0.35559726440429684,35.22,38.33,750.719970703125,1.0483269803824389
788.0,2026-07-20,0.00821917808219178,put,0.36475244628906256,35.99,39.38,750.719970703125,1.0496590349953772
789.0,2026-07-20,0.00821917808219178,put,0.37134417724609375,37.07,40.38,750.719970703125,1.0509910896083154
790.0,2026-07-20,0.00821917808219178,put,0.3773255627441406,38.23,41.37,750.719970703125,1.0523231442212537
791.0,2026-07-20,0.00821917808219178,put,0.3842835009765625,38.93,42.38,750.719970703125,1.053655198834192
792.0,2026-07-20,0.00821917808219178,put,0.40369248657226564,39.86,43.62,750.719970703125,1.0549872534471303
793.0,2026-07-20,0.00821917808219178,put,0.3971007556152344,41.22,44.38,750.719970703125,1.0563193080600686
794.0,2026-07-20,0.00821917808219178,put,0.40344834838867194,42.22,45.38,750.719970703125,1.0576513626730069
795.0,2026-07-20,0.00821917808219178,put,0.4097959411621094,42.93,46.38,750.719970703125,1.0589834172859451
800.0,2026-07-20,0.00821917808219178,put,0.4415339050292969,48.22,51.39,750.719970703125,1.0656436903506368
805.0,2026-07-20,0.00821917808219178,put,0.4714408325195312,52.99,56.38,750.719970703125,1.0723039634153282
650.0,2026-07-21,0.010958904109589041,call,0.7187528125,98.64,102.35,750.719970703125,0.8658354984098924
680.0,2026-07-21,0.010958904109589041,call,0.5376022802734376,68.63,72.39,750.719970703125,0.9057971367980412
690.0,2026-07-21,0.010958904109589041,call,0.48328153442382815,58.74,62.5,750.719970703125,0.9191176829274241
695.0,2026-07-21,0.010958904109589041,call,0.43115803222656257,53.65,57.2,750.719970703125,0.9257779559921157
700.0,2026-07-21,0.010958904109589041,call,0.4211483666992188,49.08,52.52,750.719970703125,0.9324382290568071
710.0,2026-07-21,0.010958904109589041,call,0.358404853515625,39.1,42.55,750.719970703125,0.9457587751861901
712.0,2026-07-21,0.010958904109589041,call,0.3282537878417968,36.87,40.25,750.719970703125,0.9484228844120667
716.0,2026-07-21,0.010958904109589041,call,0.313483427734375,32.77,36.45,750.719970703125,0.9537511028638198
717.0,2026-07-21,0.010958904109589041,call,0.3142158422851562,31.84,35.59,750.719970703125,0.9550831574767582
720.0,2026-07-21,0.010958904109589041,call,0.2924875439453124,29.21,32.56,750.719970703125,0.959079321315573
721.0,2026-07-21,0.010958904109589041,call,0.26636475830078127,27.78,31.18,750.719970703125,0.9604113759285113
723.0,2026-07-21,0.010958904109589041,call,0.27674063110351554,25.91,29.66,750.719970703125,0.9630754851543879
725.0,2026-07-21,0.010958904109589041,call,0.26197027099609377,24.25,27.64,750.719970703125,0.9657395943802645
726.0,2026-07-21,0.010958904109589041,call,0.2611157873535156,23.28,26.78,750.719970703125,0.9670716489932029
730.0,2026-07-21,0.010958904109589041,call,0.21491263610839845,20.76,22.37,750.719970703125,0.972399867444956
731.0,2026-07-21,0.010958904109589041,call,0.13794807373046875,18.59,20.1,750.719970703125,0.9737319220578943
733.0,2026-07-21,0.010958904109589041,call,0.20948056152343747,17.9,19.76,750.719970703125,0.9763960312837708
734.0,2026-07-21,0.010958904109589041,call,0.20191227783203125,15.71,18.76,750.719970703125,0.9777280858967092
735.0,2026-07-21,0.010958904109589041,call,0.1333094482421875,16.04,16.38,750.719970703125,0.9790601405096475
736.0,2026-07-21,0.010958904109589041,call,0.13404186279296876,15.12,15.51,750.719970703125,0.9803921951225858
737.0,2026-07-21,0.010958904109589041,call,0.17682707946777343,14.14,15.7,750.719970703125,0.9817242497355241
738.0,2026-07-21,0.010958904109589041,call,0.12708392456054687,13.36,13.64,750.719970703125,0.9830563043484624
739.0,2026-07-21,0.010958904109589041,call,0.11841701904296875,12.32,12.6,750.719970703125,0.9843883589614006
740.0,2026-07-21,0.010958904109589041,call,0.1215908154296875,11.56,11.84,750.719970703125,0.9857204135743389
741.0,2026-07-21,0.010958904109589041,call,0.12000391723632811,10.71,10.99,750.719970703125,0.9870524681872772
742.0,2026-07-21,0.010958904109589041,call,0.11921046813964843,9.9,10.18,750.719970703125,0.9883845228002156
743.0,2026-07-21,0.010958904109589041,call,0.11054356262207031,8.93,9.16,750.719970703125,0.9897165774131539
744.0,2026-07-21,0.010958904109589041,call,0.10700355895996094,8.16,8.3,750.719970703125,0.9910486320260922
745.0,2026-07-21,0.010958904109589041,call,0.10535562622070313,7.36,7.52,750.719970703125,0.9923806866390305
746.0,2026-07-21,0.010958904109589041,call,0.10346355529785155,6.62,6.76,750.719970703125,0.9937127412519687
747.0,2026-07-21,0.010958904109589041,call,0.10321941711425779,5.94,6.09,750.719970703125,0.995044795864907
748.0,2026-07-21,0.010958904109589041,call,0.0993132061767578,5.25,5.32,750.719970703125,0.9963768504778453
749.0,2026-07-21,0.010958904109589041,call,0.0979704461669922,4.61,4.68,750.719970703125,0.9977089050907836
750.0,2026-07-21,0.010958904109589041,call,0.09662768615722657,4.05,4.08,750.719970703125,0.9990409597037219
751.0,2026-07-21,0.010958904109589041,call,0.09262992340087889,3.39,3.42,750.719970703125,1.0003730143166603
752.0,2026-07-21,0.010958904109589041,call,0.09320975158691407,2.95,2.98,750.719970703125,1.0017050689295985
753.0,2026-07-21,0.010958904109589041,call,0.0905242315673828,2.43,2.46,750.719970703125,1.0030371235425368
754.0,2026-07-21,0.010958904109589041,call,0.08753353881835937,1.95,1.98,750.719970703125,1.004369178155475
755.0,2026-07-21,0.010958904109589041,call,0.08533629516601565,1.56,1.58,750.719970703125,1.0057012327684134
756.0,2026-07-21,0.010958904109589041,call,0.08466491516113282,1.26,1.28,750.719970703125,1.0070332873813517
757.0,2026-07-21,0.010958904109589041,call,0.08216249877929688,0.95,0.97,750.719970703125,1.00836534199429
758.0,2026-07-21,0.010958904109589041,call,0.08155215332031251,0.74,0.76,750.719970703125,1.0096973966072282
759.0,2026-07-21,0.010958904109589041,call,0.07886663330078125,0.52,0.54,750.719970703125,1.0110294512201665
760.0,2026-07-21,0.010958904109589041,call,0.07801214965820313,0.38,0.4,750.719970703125,1.0123615058331048
761.0,2026-07-21,0.010958904109589041,call,0.07715766601562501,0.28,0.29,750.719970703125,1.013693560446043
762.0,2026-07-21,0.010958904109589041,call,0.07666938964843752,0.2,0.21,750.719970703125,1.0150256150589814
763.0,2026-07-21,0.010958904109589041,call,0.07520456054687502,0.13,0.14,750.719970703125,1.0163576696719199
764.0,2026-07-21,0.010958904109589041,call,0.07666938964843752,0.09,0.11,750.719970703125,1.0176897242848582
765.0,2026-07-21,0.010958904109589041,call,0.07691352783203126,0.07,0.08,750.719970703125,1.0190217788977964
766.0,2026-07-21,0.010958904109589041,call,0.07764594238281251,0.05,0.06,750.719970703125,1.0203538335107347
767.0,2026-07-21,0.010958904109589041,call,0.07959904785156251,0.04,0.05,750.719970703125,1.021685888123673
768.0,2026-07-21,0.010958904109589041,call,0.081063876953125,0.03,0.04,750.719970703125,1.0230179427366113
769.0,2026-07-21,0.010958904109589041,call,0.08204042968750001,0.02,0.03,750.719970703125,1.0243499973495496
770.0,2026-07-21,0.010958904109589041,call,0.08594664062500001,0.02,0.03,750.719970703125,1.0256820519624879
771.0,2026-07-21,0.010958904109589041,call,0.0898528515625,0.02,0.03,750.719970703125,1.0270141065754261
772.0,2026-07-21,0.010958904109589041,call,0.0932707861328125,0.02,0.03,750.719970703125,1.0283461611883644
773.0,2026-07-21,0.010958904109589041,call,0.09668872070312501,0.02,0.03,750.719970703125,1.0296782158013027
774.0,2026-07-21,0.010958904109589041,call,0.100594931640625,0.02,0.03,750.719970703125,1.031010270414241
775.0,2026-07-21,0.010958904109589041,call,0.10450114257812498,0.02,0.03,750.719970703125,1.0323423250271793
776.0,2026-07-21,0.010958904109589041,call,0.108407353515625,0.02,0.03,750.719970703125,1.0336743796401175
777.0,2026-07-21,0.010958904109589041,call,0.11231356445312499,0.02,0.03,750.719970703125,1.0350064342530558
778.0,2026-07-21,0.010958904109589041,call,0.11524322265625,0.02,0.03,750.719970703125,1.0363384888659941
779.0,2026-07-21,0.010958904109589041,call,0.11914943359374999,0.02,0.03,750.719970703125,1.0376705434789324
780.0,2026-07-21,0.010958904109589041,call,0.117196328125,0.01,0.02,750.719970703125,1.039002598091871
781.0,2026-07-21,0.010958904109589041,call,0.1211025390625,0.01,0.02,750.719970703125,1.0403346527048092
782.0,2026-07-21,0.010958904109589041,call,0.124032197265625,0.01,0.02,750.719970703125,1.0416667073177475
785.0,2026-07-21,0.010958904109589041,call,0.13477427734375003,0.01,0.02,750.719970703125,1.0456628711565623
786.0,2026-07-21,0.010958904109589041,call,0.13770393554687502,0.01,0.02,750.719970703125,1.0469949257695006
787.0,2026-07-21,0.010958904109589041,call,0.14063359375,0.01,0.02,750.719970703125,1.0483269803824389
788.0,2026-07-21,0.010958904109589041,call,0.1445398046875,0.01,0.02,750.719970703125,1.0496590349953772
789.0,2026-07-21,0.010958904109589041,call,0.148446015625,0.01,0.02,750.719970703125,1.0509910896083154
790.0,2026-07-21,0.010958904109589041,call,0.15137567382812503,0.01,0.02,750.719970703125,1.0523231442212537
791.0,2026-07-21,0.010958904109589041,call,0.15430533203125002,0.01,0.02,750.719970703125,1.053655198834192
794.0,2026-07-21,0.010958904109589041,call,0.16407085937500002,0.01,0.02,750.719970703125,1.0576513626730069
795.0,2026-07-21,0.010958904109589041,call,0.16797707031250003,0.01,0.02,750.719970703125,1.0589834172859451
800.0,2026-07-21,0.010958904109589041,call,0.18360191406249998,0.01,0.02,750.719970703125,1.0656436903506368
805.0,2026-07-21,0.010958904109589041,call,0.20117986328124998,0.01,0.02,750.719970703125,1.0723039634153282
820.0,2026-07-21,0.010958904109589041,call,0.24805439453125,0.01,0.02,750.719970703125,1.0922847826094026
830.0,2026-07-21,0.010958904109589041,call,0.27735097656249996,0.01,0.02,750.719970703125,1.1056053287387855
840.0,2026-07-21,0.010958904109589041,call,0.3086006640625,0.01,0.02,750.719970703125,1.1189258748681685
645.0,2026-07-21,0.010958904109589041,put,0.4101621484375,0.01,0.02,750.719970703125,0.8591752253452009
650.0,2026-07-21,0.010958904109589041,put,0.39063109375,0.01,0.02,750.719970703125,0.8658354984098924
655.0,2026-07-21,0.010958904109589041,put,0.3711000390625,0.01,0.02,750.719970703125,0.8724957714745838
660.0,2026-07-21,0.010958904109589041,put,0.35156898437499995,0.01,0.02,750.719970703125,0.8791560445392753
665.0,2026-07-21,0.010958904109589041,put,0.3320379296875,0.01,0.02,750.719970703125,0.8858163176039667
670.0,2026-07-21,0.010958904109589041,put,0.31445998046874996,0.01,0.02,750.719970703125,0.8924765906686583
675.0,2026-07-21,0.010958904109589041,put,0.30664755859375,0.02,0.03,750.719970703125,0.8991368637333498
680.0,2026-07-21,0.010958904109589041,put,0.2890696093749999,0.02,0.03,750.719970703125,0.9057971367980412
685.0,2026-07-21,0.010958904109589041,put,0.2695385546875,0.02,0.03,750.719970703125,0.9124574098627327
690.0,2026-07-21,0.010958904109589041,put,0.257819921875,0.03,0.04,750.719970703125,0.9191176829274241
695.0,2026-07-21,0.010958904109589041,put,0.23828886718749998,0.03,0.04,750.719970703125,0.9257779559921157
700.0,2026-07-21,0.010958904109589041,put,0.22364057617187497,0.04,0.05,750.719970703125,0.9324382290568071
701.0,2026-07-21,0.010958904109589041,put,0.21973436523437498,0.04,0.05,750.719970703125,0.9337702836697455
702.0,2026-07-21,0.010958904109589041,put,0.215828154296875,0.04,0.05,750.719970703125,0.9351023382826837
703.0,2026-07-21,0.010958904109589041,put,0.21094539062499998,0.04,0.05,750.719970703125,0.936434392895622
704.0,2026-07-21,0.010958904109589041,put,0.21192194335937498,0.05,0.06,750.719970703125,0.9377664475085603
705.0,2026-07-21,0.010958904109589041,put,0.20801573242187496,0.05,0.06,750.719970703125,0.9390985021214986
706.0,2026-07-21,0.010958904109589041,put,0.20410952148437497,0.05,0.06,750.719970703125,0.9404305567344369
707.0,2026-07-21,0.010958904109589041,put,0.1997150341796875,0.05,0.06,750.719970703125,0.9417626113473752
708.0,2026-07-21,0.010958904109589041,put,0.1992267578125,0.06,0.07,750.719970703125,0.9430946659603134
709.0,2026-07-21,0.010958904109589041,put,0.195320546875,0.06,0.07,750.719970703125,0.9444267205732518
710.0,2026-07-21,0.010958904109589041,put,0.194343994140625,0.07,0.08,750.719970703125,0.9457587751861901
711.0,2026-07-21,0.010958904109589041,put,0.19043778320312502,0.07,0.08,750.719970703125,0.9470908297991284
712.0,2026-07-21,0.010958904109589041,put,0.1860432958984375,0.07,0.08,750.719970703125,0.9484228844120667
713.0,2026-07-21,0.010958904109589041,put,0.18457846679687498,0.08,0.09,750.719970703125,0.949754939025005
714.0,2026-07-21,0.010958904109589041,put,0.1801839794921875,0.08,0.09,750.719970703125,0.9510869936379432
715.0,2026-07-21,0.010958904109589041,put,0.178719150390625,0.09,0.1,750.719970703125,0.9524190482508815
716.0,2026-07-21,0.010958904109589041,put,0.176766044921875,0.1,0.11,750.719970703125,0.9537511028638198
717.0,2026-07-21,0.010958904109589041,put,0.17432466308593753,0.11,0.12,750.719970703125,0.9550831574767582
718.0,2026-07-21,0.010958904109589041,put,0.16993017578125003,0.11,0.12,750.719970703125,0.9564152120896965
719.0,2026-07-21,0.010958904109589041,put,0.16748879394531252,0.12,0.13,750.719970703125,0.9577472667026348
720.0,2026-07-21,0.010958904109589041,put,0.16480327392578126,0.13,0.14,750.719970703125,0.959079321315573
721.0,2026-07-21,0.010958904109589041,put,0.16358258300781253,0.15,0.16,750.719970703125,0.9604113759285113
722.0,2026-07-21,0.010958904109589041,put,0.1606529248046875,0.16,0.17,750.719970703125,0.9617434305414496
723.0,2026-07-21,0.010958904109589041,put,0.15894395751953128,0.18,0.19,750.719970703125,0.9630754851543879
724.0,2026-07-21,0.010958904109589041,put,0.15552602294921875,0.19,0.2,750.719970703125,0.9644075397673262
725.0,2026-07-21,0.010958904109589041,put,0.1518639501953125,0.2,0.21,750.719970703125,0.9657395943802645
726.0,2026-07-21,0.010958904109589041,put,0.149422568359375,0.21,0.23,750.719970703125,0.9670716489932029
727.0,2026-07-21,0.010958904109589041,put,0.1489342919921875,0.26,0.27,750.719970703125,0.9684037036061411
728.0,2026-07-21,0.010958904109589041,put,0.1458825646972656,0.27,0.29,750.719970703125,0.9697357582190794
729.0,2026-07-21,0.010958904109589041,put,0.143563251953125,0.31,0.32,750.719970703125,0.9710678128320177
730.0,2026-07-21,0.010958904109589041,put,0.14185428466796873,0.34,0.36,750.719970703125,0.972399867444956
731.0,2026-07-21,0.010958904109589041,put,0.1388025573730469,0.37,0.39,750.719970703125,0.9737319220578943
732.0,2026-07-21,0.010958904109589041,put,0.13636117553710939,0.42,0.43,750.719970703125,0.9750639766708326
733.0,2026-07-21,0.010958904109589041,put,0.13416393188476564,0.47,0.48,750.719970703125,0.9763960312837708
734.0,2026-07-21,0.010958904109589041,put,0.13355358642578125,0.54,0.56,750.719970703125,0.9777280858967092
735.0,2026-07-21,0.010958904109589041,put,0.1287928918457031,0.57,0.58,750.719970703125,0.9790601405096475
736.0,2026-07-21,0.010958904109589041,put,0.1294032373046875,0.68,0.7,750.719970703125,0.9803921951225858
737.0,2026-07-21,0.010958904109589041,put,0.12500875,0.72,0.74,750.719970703125,0.9817242497355241
738.0,2026-07-21,0.010958904109589041,put,0.12476461181640625,0.85,0.87,750.719970703125,0.9830563043484624
739.0,2026-07-21,0.010958904109589041,put,0.12116357360839844,0.92,0.94,750.719970703125,0.9843883589614006
740.0,2026-07-21,0.010958904109589041,put,0.11878322631835936,1.04,1.05,750.719970703125,0.9857204135743389
741.0,2026-07-21,0.010958904109589041,put,0.11780667358398436,1.19,1.21,750.719970703125,0.9870524681872772
742.0,2026-07-21,0.010958904109589041,put,0.11536529174804688,1.33,1.35,750.719970703125,0.9883845228002156
743.0,2026-07-21,0.010958904109589041,put,0.11365632446289062,1.51,1.53,750.719970703125,0.9897165774131539
744.0,2026-07-21,0.010958904109589041,put,0.10962804443359375,1.64,1.66,750.719970703125,0.9910486320260922
745.0,2026-07-21,0.010958904109589041,put,0.10993321716308593,1.92,1.95,750.719970703125,0.9923806866390305
746.0,2026-07-21,0.010958904109589041,put,0.10700355895996094,2.13,2.16,750.719970703125,0.9937127412519687
747.0,2026-07-21,0.010958904109589041,put,0.10605752349853514,2.44,2.47,750.719970703125,0.995044795864907
748.0,2026-07-21,0.010958904109589041,put,0.10205976074218749,2.67,2.7,750.719970703125,0.9963768504778453
749.0,2026-07-21,0.010958904109589041,put,0.09876389526367188,2.95,2.99,750.719970703125,0.9977089050907836
750.0,2026-07-21,0.010958904109589041,put,0.09952682708740235,3.43,3.47,750.719970703125,0.9990409597037219
751.0,2026-07-21,0.010958904109589041,put,0.09449147705078126,3.75,3.77,750.719970703125,1.0003730143166603
752.0,2026-07-21,0.010958904109589041,put,0.09406423522949219,4.16,4.29,750.719970703125,1.0017050689295985
753.0,2026-07-21,0.010958904109589041,put,0.09510182250976565,4.77,4.91,750.719970703125,1.0030371235425368
754.0,2026-07-21,0.010958904109589041,put,0.09314871704101563,5.2,5.46,750.719970703125,1.004369178155475
755.0,2026-07-21,0.010958904109589041,put,0.09418630432128906,5.91,6.16,750.719970703125,1.0057012327684134
756.0,2026-07-21,0.010958904109589041,put,0.09436940795898438,6.58,6.87,750.719970703125,1.0070332873813517
757.0,2026-07-21,0.010958904109589041,put,0.09143974975585936,7.2,7.52,750.719970703125,1.00836534199429
758.0,2026-07-21,0.010958904109589041,put,0.09540699523925782,8.08,8.41,750.719970703125,1.0096973966072282
759.0,2026-07-21,0.010958904109589041,put,0.09571216796875001,8.88,9.22,750.719970703125,1.0110294512201665
760.0,2026-07-21,0.010958904109589041,put,0.10236493347167967,9.71,10.21,750.719970703125,1.0123615058331048
761.0,2026-07-21,0.010958904109589041,put,0.10328045166015623,10.66,11.07,750.719970703125,1.013693560446043
762.0,2026-07-21,0.010958904109589041,put,0.11023838989257811,11.66,12.08,750.719970703125,1.0150256150589814
763.0,2026-07-21,0.010958904109589041,put,0.16577982666015628,11.37,14.34,750.719970703125,1.0163576696719199
764.0,2026-07-21,0.010958904109589041,put,0.1829915686035156,11.99,15.62,750.719970703125,1.0176897242848582
765.0,2026-07-21,0.010958904109589041,put,0.1821370849609375,13.23,16.38,750.719970703125,1.0190217788977964
766.0,2026-07-21,0.010958904109589041,put,0.1980671014404297,14.07,17.62,750.719970703125,1.0203538335107347
767.0,2026-07-21,0.010958904109589041,put,0.20539124694824218,14.93,18.62,750.719970703125,1.021685888123673
768.0,2026-07-21,0.010958904109589041,put,0.2038043487548828,16.23,19.38,750.719970703125,1.0230179427366113
769.0,2026-07-21,0.010958904109589041,put,0.2108233215332031,17.23,20.38,750.719970703125,1.0243499973495496
770.0,2026-07-21,0.010958904109589041,put,0.22473919799804684,18.22,21.56,750.719970703125,1.0256820519624879
773.0,2026-07-21,0.010958904109589041,put,0.23535920898437498,21.22,24.31,750.719970703125,1.0296782158013027
786.0,2026-07-21,0.010958904109589041,put,0.33209896423339846,34.22,37.62,750.719970703125,1.0469949257695006
565.0,2026-07-22,0.0136986301369863,call,1.1665080737304687,184.03,187.38,750.719970703125,0.7526108563101371
700.0,2026-07-22,0.0136986301369863,call,0.39282833740234374,49.18,52.57,750.719970703125,0.9324382290568071
710.0,2026-07-22,0.0136986301369863,call,0.33838552246093745,38.93,42.68,750.719970703125,0.9457587751861901
712.0,2026-07-22,0.0136986301369863,call,0.3201361932373046,37.01,40.56,750.719970703125,0.9484228844120667
720.0,2026-07-22,0.0136986301369863,call,0.27930408203124996,28.99,32.75,750.719970703125,0.959079321315573
722.0,2026-07-22,0.0136986301369863,call,0.2690502783203125,27.14,30.81,750.719970703125,0.9617434305414496
723.0,2026-07-22,0.0136986301369863,call,0.2592237164306641,27.82,29.73,750.719970703125,0.9630754851543879
724.0,2026-07-22,0.0136986301369863,call,0.17115086669921875,25.48,27.2,750.719970703125,0.9644075397673262
725.0,2026-07-22,0.0136986301369863,call,0.24414818359375,25.85,27.68,750.719970703125,0.9657395943802645
726.0,2026-07-22,0.0136986301369863,call,0.24097438720703124,23.37,26.76,750.719970703125,0.9670716489932029
727.0,2026-07-22,0.0136986301369863,call,0.23834990173339843,23.96,25.86,750.719970703125,0.9684037036061411
731.0,2026-07-22,0.0136986301369863,call,0.20685607604980466,20.13,21.74,750.719970703125,0.9737319220578943
732.0,2026-07-22,0.0136986301369863,call,0.2066119378662109,17.97,20.92,750.719970703125,0.9750639766708326
733.0,2026-07-22,0.0136986301369863,call,0.20032537963867186,18.29,19.94,750.719970703125,0.9763960312837708
734.0,2026-07-22,0.0136986301369863,call,0.1445398046875,17.37,17.69,750.719970703125,0.9777280858967092
735.0,2026-07-22,0.0136986301369863,call,0.20020331054687499,16.39,18.36,750.719970703125,0.9790601405096475
736.0,2026-07-22,0.0136986301369863,call,0.14148807739257813,15.58,15.91,750.719970703125,0.9803921951225858
737.0,2026-07-22,0.0136986301369863,call,0.19117019775390626,14.61,16.55,750.719970703125,0.9817242497355241
738.0,2026-07-22,0.0136986301369863,call,0.1315394464111328,13.74,13.99,750.719970703125,0.9830563043484624
739.0,2026-07-22,0.0136986301369863,call,0.13477427734375003,13.0,13.27,750.719970703125,0.9843883589614006
740.0,2026-07-22,0.0136986301369863,call,0.13044082458496092,12.11,12.35,750.719970703125,0.9857204135743389
742.0,2026-07-22,0.0136986301369863,call,0.125985302734375,10.47,10.68,750.719970703125,0.9883845228002156
743.0,2026-07-22,0.0136986301369863,call,0.12464254272460937,9.76,9.9,750.719970703125,0.9897165774131539
744.0,2026-07-22,0.0136986301369863,call,0.11707425903320312,8.76,8.92,750.719970703125,0.9910486320260922
745.0,2026-07-22,0.0136986301369863,call,0.11634184448242188,8.07,8.2,750.719970703125,0.9923806866390305
746.0,2026-07-22,0.0136986301369863,call,0.11414460083007813,7.31,7.45,750.719970703125,0.9937127412519687
747.0,2026-07-22,0.0136986301369863,call,0.11426666992187501,6.66,6.82,750.719970703125,0.995044795864907
748.0,2026-07-22,0.0136986301369863,call,0.11090976989746093,6.0,6.08,750.719970703125,0.9963768504778453
749.0,2026-07-22,0.0136986301369863,call,0.10779700805664064,5.31,5.38,750.719970703125,0.9977089050907836
750.0,2026-07-22,0.0136986301369863,call,0.10419596984863279,4.65,4.69,750.719970703125,0.9990409597037219
751.0,2026-07-22,0.0136986301369863,call,0.10263958892822264,4.08,4.12,750.719970703125,1.0003730143166603
752.0,2026-07-22,0.0136986301369863,call,0.10187665710449219,3.59,3.62,750.719970703125,1.0017050689295985
753.0,2026-07-22,0.0136986301369863,call,0.09967941345214844,3.07,3.1,750.719970703125,1.0030371235425368
754.0,2026-07-22,0.0136986301369863,call,0.09742113525390625,2.59,2.62,750.719970703125,1.004369178155475
755.0,2026-07-22,0.0136986301369863,call,0.09485768432617189,2.16,2.17,750.719970703125,1.0057012327684134
756.0,2026-07-22,0.0136986301369863,call,0.09436940795898438,1.82,1.84,750.719970703125,1.0070332873813517
757.0,2026-07-22,0.0136986301369863,call,0.0913176806640625,1.44,1.46,750.719970703125,1.00836534199429
758.0,2026-07-22,0.0136986301369863,call,0.08960871337890625,1.15,1.17,750.719970703125,1.0096973966072282
759.0,2026-07-22,0.0136986301369863,call,0.08893733337402344,0.94,0.95,750.719970703125,1.0110294512201665
760.0,2026-07-22,0.0136986301369863,call,0.08698422790527345,0.72,0.73,750.719970703125,1.0123615058331048
761.0,2026-07-22,0.0136986301369863,call,0.08558043334960938,0.54,0.56,750.719970703125,1.013693560446043
762.0,2026-07-22,0.0136986301369863,call,0.08472594970703126,0.42,0.43,750.719970703125,1.0150256150589814
763.0,2026-07-22,0.0136986301369863,call,0.08362732788085939,0.3,0.32,750.719970703125,1.0163576696719199
764.0,2026-07-22,0.0136986301369863,call,0.08301698242187502,0.23,0.24,750.719970703125,1.0176897242848582
765.0,2026-07-22,0.0136986301369863,call,0.08252870605468751,0.17,0.18,750.719970703125,1.0190217788977964
766.0,2026-07-22,0.0136986301369863,call,0.08301698242187502,0.12,0.14,750.719970703125,1.0203538335107347
767.0,2026-07-22,0.0136986301369863,call,0.08374939697265626,0.1,0.11,750.719970703125,1.021685888123673
768.0,2026-07-22,0.0136986301369863,call,0.08326112060546878,0.07,0.08,750.719970703125,1.0230179427366113
769.0,2026-07-22,0.0136986301369863,call,0.08350525878906252,0.05,0.06,750.719970703125,1.0243499973495496
770.0,2026-07-22,0.0136986301369863,call,0.08497008789062502,0.04,0.05,750.719970703125,1.0256820519624879
771.0,2026-07-22,0.0136986301369863,call,0.088876298828125,0.04,0.05,750.719970703125,1.0270141065754261
772.0,2026-07-22,0.0136986301369863,call,0.0898528515625,0.03,0.04,750.719970703125,1.0283461611883644
773.0,2026-07-22,0.0136986301369863,call,0.0932707861328125,0.03,0.04,750.719970703125,1.0296782158013027
774.0,2026-07-22,0.0136986301369863,call,0.0932707861328125,0.02,0.03,750.719970703125,1.031010270414241
775.0,2026-07-22,0.0136986301369863,call,0.09668872070312501,0.02,0.03,750.719970703125,1.0323423250271793
776.0,2026-07-22,0.0136986301369863,call,0.100594931640625,0.02,0.03,750.719970703125,1.0336743796401175
777.0,2026-07-22,0.0136986301369863,call,0.10352458984374999,0.02,0.03,750.719970703125,1.0350064342530558
778.0,2026-07-22,0.0136986301369863,call,0.1069425244140625,0.02,0.03,750.719970703125,1.0363384888659941
779.0,2026-07-22,0.0136986301369863,call,0.11036045898437499,0.02,0.03,750.719970703125,1.0376705434789324
780.0,2026-07-22,0.0136986301369863,call,0.1132901171875,0.02,0.03,750.719970703125,1.039002598091871
781.0,2026-07-22,0.0136986301369863,call,0.117196328125,0.02,0.03,750.719970703125,1.0403346527048092
782.0,2026-07-22,0.0136986301369863,call,0.12012598632812499,0.02,0.03,750.719970703125,1.0416667073177475
783.0,2026-07-22,0.0136986301369863,call,0.124032197265625,0.02,0.03,750.719970703125,1.0429987619306857
784.0,2026-07-22,0.0136986301369863,call,0.12696185546875,0.02,0.03,750.719970703125,1.044330816543624
785.0,2026-07-22,0.0136986301369863,call,0.129891513671875,0.02,0.03,750.719970703125,1.0456628711565623
786.0,2026-07-22,0.0136986301369863,call,0.133797724609375,0.02,0.03,750.719970703125,1.0469949257695006
787.0,2026-07-22,0.0136986301369863,call,0.13672738281250002,0.02,0.03,750.719970703125,1.0483269803824389
788.0,2026-07-22,0.0136986301369863,call,0.139657041015625,0.02,0.03,750.719970703125,1.0496590349953772
789.0,2026-07-22,0.0136986301369863,call,0.143563251953125,0.02,0.03,750.719970703125,1.0509910896083154
790.0,2026-07-22,0.0136986301369863,call,0.14063359375,0.01,0.02,750.719970703125,1.0523231442212537
791.0,2026-07-22,0.0136986301369863,call,0.14258669921875,0.01,0.02,750.719970703125,1.053655198834192
792.0,2026-07-22,0.0136986301369863,call,0.14649291015625,0.01,0.02,750.719970703125,1.0549872534471303
793.0,2026-07-22,0.0136986301369863,call,0.149422568359375,0.01,0.02,750.719970703125,1.0563193080600686
794.0,2026-07-22,0.0136986301369863,call,0.15235222656250003,0.01,0.02,750.719970703125,1.0576513626730069
795.0,2026-07-22,0.0136986301369863,call,0.1562584375,0.01,0.02,750.719970703125,1.0589834172859451
800.0,2026-07-22,0.0136986301369863,call,0.16993017578125003,0.01,0.02,750.719970703125,1.0656436903506368
805.0,2026-07-22,0.0136986301369863,call,0.18555501953124998,0.01,0.02,750.719970703125,1.0723039634153282
840.0,2026-07-22,0.0136986301369863,call,0.28516339843749994,0.01,0.02,750.719970703125,1.1189258748681685
845.0,2026-07-22,0.0136986301369863,call,0.29688203124999996,0.01,0.02,750.719970703125,1.12558614793286
850.0,2026-07-22,0.0136986301369863,call,0.31250687499999996,0.01,0.02,750.719970703125,1.1322464209975516
625.0,2026-07-22,0.0136986301369863,put,0.44922425781249997,0.01,0.02,750.719970703125,0.832534133086435
630.0,2026-07-22,0.0136986301369863,put,0.4335994140625,0.01,0.02,750.719970703125,0.8391944061511264
635.0,2026-07-22,0.0136986301369863,put,0.414068359375,0.01,0.02,750.719970703125,0.8458546792158179
640.0,2026-07-22,0.0136986301369863,put,0.39453730468750003,0.01,0.02,750.719970703125,0.8525149522805093
650.0,2026-07-22,0.0136986301369863,put,0.35938140625,0.01,0.02,750.719970703125,0.8658354984098924
655.0,2026-07-22,0.0136986301369863,put,0.3437565625,0.01,0.02,750.719970703125,0.8724957714745838
660.0,2026-07-22,0.0136986301369863,put,0.33789724609375,0.02,0.03,750.719970703125,0.8791560445392753
665.0,2026-07-22,0.0136986301369863,put,0.32031929687499994,0.02,0.03,750.719970703125,0.8858163176039667
670.0,2026-07-22,0.0136986301369863,put,0.30274134765625,0.02,0.03,750.719970703125,0.8924765906686583
675.0,2026-07-22,0.0136986301369863,put,0.2929758203124999,0.03,0.04,750.719970703125,0.8991368637333498
680.0,2026-07-22,0.0136986301369863,put,0.27539787109374997,0.03,0.04,750.719970703125,0.9057971367980412
685.0,2026-07-22,0.0136986301369863,put,0.26270268554687504,0.04,0.05,750.719970703125,0.9124574098627327
690.0,2026-07-22,0.0136986301369863,put,0.24414818359375,0.04,0.05,750.719970703125,0.9191176829274241
695.0,2026-07-22,0.0136986301369863,put,0.2304764453125,0.05,0.06,750.719970703125,0.9257779559921157
700.0,2026-07-22,0.0136986301369863,put,0.2192460888671875,0.07,0.08,750.719970703125,0.9324382290568071
701.0,2026-07-22,0.0136986301369863,put,0.2153398779296875,0.07,0.08,750.719970703125,0.9337702836697455
702.0,2026-07-22,0.0136986301369863,put,0.21143366699218746,0.07,0.08,750.719970703125,0.9351023382826837
703.0,2026-07-22,0.0136986301369863,put,0.21094539062499998,0.08,0.09,750.719970703125,0.936434392895622
704.0,2026-07-22,0.0136986301369863,put,0.20703917968749996,0.08,0.09,750.719970703125,0.9377664475085603
705.0,2026-07-22,0.0136986301369863,put,0.20606262695312497,0.09,0.1,750.719970703125,0.9390985021214986
706.0,2026-07-22,0.0136986301369863,put,0.2016681396484375,0.09,0.1,750.719970703125,0.9404305567344369
707.0,2026-07-22,0.0136986301369863,put,0.1977619287109375,0.09,0.1,750.719970703125,0.9417626113473752
708.0,2026-07-22,0.0136986301369863,put,0.196297099609375,0.1,0.11,750.719970703125,0.9430946659603134
709.0,2026-07-22,0.0136986301369863,put,0.1948322705078125,0.11,0.12,750.719970703125,0.9444267205732518
710.0,2026-07-22,0.0136986301369863,put,0.19043778320312502,0.11,0.12,750.719970703125,0.9457587751861901
711.0,2026-07-22,0.0136986301369863,put,0.188484677734375,0.12,0.13,750.719970703125,0.9470908297991284
712.0,2026-07-22,0.0136986301369863,put,0.186531572265625,0.13,0.14,750.719970703125,0.9484228844120667
713.0,2026-07-22,0.0136986301369863,put,0.1821370849609375,0.13,0.14,750.719970703125,0.949754939025005
714.0,2026-07-22,0.0136986301369863,put,0.17993984130859375,0.14,0.15,750.719970703125,0.9510869936379432
715.0,2026-07-22,0.0136986301369863,put,0.17749845947265624,0.15,0.16,750.719970703125,0.9524190482508815
716.0,2026-07-22,0.0136986301369863,put,0.17652190673828128,0.17,0.18,750.719970703125,0.9537511028638198
717.0,2026-07-22,0.0136986301369863,put,0.1753012158203125,0.19,0.2,750.719970703125,0.9550831574767582
718.0,2026-07-22,0.0136986301369863,put,0.17090672851562502,0.19,0.2,750.719970703125,0.9564152120896965
719.0,2026-07-22,0.0136986301369863,put,0.16919776123046876,0.21,0.22,750.719970703125,0.9577472667026348
720.0,2026-07-22,0.0136986301369863,put,0.16724465576171876,0.23,0.24,750.719970703125,0.959079321315573
721.0,2026-07-22,0.0136986301369863,put,0.165047412109375,0.24,0.26,750.719970703125,0.9604113759285113
722.0,2026-07-22,0.0136986301369863,put,0.1626060302734375,0.27,0.28,750.719970703125,0.9617434305414496
723.0,2026-07-22,0.0136986301369863,put,0.16101913208007812,0.29,0.31,750.719970703125,0.9630754851543879
724.0,2026-07-22,0.0136986301369863,put,0.159188095703125,0.32,0.34,750.719970703125,0.9644075397673262
725.0,2026-07-22,0.0136986301369863,put,0.15613636840820314,0.34,0.36,750.719970703125,0.9657395943802645
726.0,2026-07-22,0.0136986301369863,put,0.1538170556640625,0.37,0.39,750.719970703125,0.9670716489932029
727.0,2026-07-22,0.0136986301369863,put,0.15284050292968754,0.43,0.44,750.719970703125,0.9684037036061411
728.0,2026-07-22,0.0136986301369863,put,0.14917843017578125,0.44,0.46,750.719970703125,0.9697357582190794
729.0,2026-07-22,0.0136986301369863,put,0.14685911743164062,0.48,0.5,750.719970703125,0.9710678128320177
730.0,2026-07-22,0.0136986301369863,put,0.14478394287109375,0.54,0.55,750.719970703125,0.972399867444956
731.0,2026-07-22,0.0136986301369863,put,0.14490601196289063,0.63,0.64,750.719970703125,0.9737319220578943
732.0,2026-07-22,0.0136986301369863,put,0.14051152465820313,0.64,0.66,750.719970703125,0.9750639766708326
733.0,2026-07-22,0.0136986301369863,put,0.1397791101074219,0.73,0.75,750.719970703125,0.9763960312837708
734.0,2026-07-22,0.0136986301369863,put,0.13697152099609378,0.79,0.81,750.719970703125,0.9777280858967092
735.0,2026-07-22,0.0136986301369863,put,0.13526255371093754,0.89,0.9,750.719970703125,0.9790601405096475
736.0,2026-07-22,0.0136986301369863,put,0.13269910278320313,0.96,0.98,750.719970703125,0.9803921951225858
737.0,2026-07-22,0.0136986301369863,put,0.1310511700439453,1.08,1.09,750.719970703125,0.9817242497355241
738.0,2026-07-22,0.0136986301369863,put,0.12928116821289062,1.19,1.21,750.719970703125,0.9830563043484624
739.0,2026-07-22,0.0136986301369863,put,0.1281215118408203,1.35,1.36,750.719970703125,0.9843883589614006
740.0,2026-07-22,0.0136986301369863,put,0.12537495727539064,1.46,1.48,750.719970703125,0.9857204135743389
741.0,2026-07-22,0.0136986301369863,put,0.12421530090332032,1.64,1.66,750.719970703125,0.9870524681872772
742.0,2026-07-22,0.0136986301369863,put,0.12146874633789062,1.8,1.81,750.719970703125,0.9883845228002156
743.0,2026-07-22,0.0136986301369863,put,0.12122460815429686,2.04,2.06,750.719970703125,0.9897165774131539
744.0,2026-07-22,0.0136986301369863,put,0.11628080993652344,2.15,2.17,750.719970703125,0.9910486320260922
745.0,2026-07-22,0.0136986301369863,put,0.11420563537597657,2.38,2.4,750.719970703125,0.9923806866390305
746.0,2026-07-22,0.0136986301369863,put,0.11390046264648437,2.69,2.72,750.719970703125,0.9937127412519687
747.0,2026-07-22,0.0136986301369863,put,0.11048252807617187,2.91,2.95,750.719970703125,0.995044795864907
748.0,2026-07-22,0.0136986301369863,put,0.11042149353027343,3.3,3.34,750.719970703125,0.9963768504778453
749.0,2026-07-22,0.0136986301369863,put,0.10761390441894532,3.62,3.65,750.719970703125,0.9977089050907836
750.0,2026-07-22,0.0136986301369863,put,0.10401286621093749,3.92,3.96,750.719970703125,0.9990409597037219
751.0,2026-07-22,0.0136986301369863,put,0.1043790734863281,4.43,4.47,750.719970703125,1.0003730143166603
752.0,2026-07-22,0.0136986301369863,put,0.10456217712402342,4.86,5.01,750.719970703125,1.0017050689295985
753.0,2026-07-22,0.0136986301369863,put,0.10144941528320311,5.32,5.45,750.719970703125,1.0030371235425368
754.0,2026-07-22,0.0136986301369863,put,0.10175458801269531,5.84,6.07,750.719970703125,1.004369178155475
755.0,2026-07-22,0.0136986301369863,put,0.09595630615234377,6.25,6.49,750.719970703125,1.0057012327684134
756.0,2026-07-22,0.0136986301369863,put,0.0971769970703125,6.98,7.22,750.719970703125,1.0070332873813517
757.0,2026-07-22,0.0136986301369863,put,0.09955734436035156,7.75,8.02,750.719970703125,1.00836534199429
758.0,2026-07-22,0.0136986301369863,put,0.09504078796386721,7.23,8.62,750.719970703125,1.0096973966072282
759.0,2026-07-22,0.0136986301369863,put,0.09485768432617189,9.07,9.4,750.719970703125,1.0110294512201665
760.0,2026-07-22,0.0136986301369863,put,0.09473561523437501,9.87,10.21,750.719970703125,1.0123615058331048
761.0,2026-07-22,0.0136986301369863,put,0.09314871704101563,10.67,11.01,750.719970703125,1.013693560446043
762.0,2026-07-22,0.0136986301369863,put,0.1562584375,10.2,13.66,750.719970703125,1.0150256150589814
763.0,2026-07-22,0.0136986301369863,put,0.16596293029785159,11.43,14.74,750.719970703125,1.0163576696719199
764.0,2026-07-22,0.0136986301369863,put,0.1694418994140625,12.07,15.62,750.719970703125,1.0176897242848582
765.0,2026-07-22,0.0136986301369863,put,0.17646087219238282,12.99,16.62,750.719970703125,1.0190217788977964
766.0,2026-07-22,0.0136986301369863,put,0.18006191040039063,13.77,17.52,750.719970703125,1.0203538335107347
767.0,2026-07-22,0.0136986301369863,put,0.1901936450195313,14.99,18.62,750.719970703125,1.021685888123673
770.0,2026-07-22,0.0136986301369863,put,0.21015194152832029,17.89,21.62,750.719970703125,1.0256820519624879
775.0,2026-07-22,0.0136986301369863,put,0.2420119744873047,22.93,26.62,750.719970703125,1.0323423250271793
510.0,2026-07-23,0.01643835616438356,call,1.4116240356445315,238.61,242.34,750.719970703125,0.6793478525985309
615.0,2026-07-23,0.01643835616438356,call,0.8320329296874999,133.83,137.58,750.719970703125,0.8192135869570519
645.0,2026-07-23,0.01643835616438356,call,0.6701693139648439,103.86,107.61,750.719970703125,0.8591752253452009
703.0,2026-07-23,0.01643835616438356,call,0.3676821044921875,46.16,49.91,750.719970703125,0.936434392895622
707.0,2026-07-23,0.01643835616438356,call,0.3355779333496094,42.33,45.72,750.719970703125,0.9417626113473752
710.0,2026-07-23,0.01643835616438356,call,0.3198310205078124,39.0,42.75,750.719970703125,0.9457587751861901
718.0,2026-07-23,0.01643835616438356,call,0.2810130493164062,31.22,34.94,750.719970703125,0.9564152120896965
724.0,2026-07-23,0.01643835616438356,call,0.2512281909179687,25.42,29.12,750.719970703125,0.9644075397673262
725.0,2026-07-23,0.01643835616438356,call,0.2337723107910156,24.46,27.82,750.719970703125,0.9657395943802645
728.0,2026-07-23,0.01643835616438356,call,0.2280350634765625,22.01,25.18,750.719970703125,0.9697357582190794
730.0,2026-07-23,0.01643835616438356,call,0.21131159790039059,21.2,23.07,750.719970703125,0.972399867444956
732.0,2026-07-23,0.01643835616438356,call,0.21088435607910155,19.53,21.46,750.719970703125,0.9750639766708326
735.0,2026-07-23,0.01643835616438356,call,0.192390888671875,16.85,18.53,750.719970703125,0.9790601405096475
737.0,2026-07-23,0.01643835616438356,call,0.14106083557128907,15.02,15.33,750.719970703125,0.9817242497355241
738.0,2026-07-23,0.01643835616438356,call,0.14106083557128907,12.95,14.53,750.719970703125,0.9830563043484624
740.0,2026-07-23,0.01643835616438356,call,0.1320277227783203,12.44,12.68,750.719970703125,0.9857204135743389
741.0,2026-07-23,0.01643835616438356,call,0.12992203094482419,11.62,11.85,750.719970703125,0.9870524681872772
742.0,2026-07-23,0.01643835616438356,call,0.13172255004882813,10.96,11.18,750.719970703125,0.9883845228002156
743.0,2026-07-23,0.01643835616438356,call,0.12757220092773439,9.0,10.31,750.719970703125,0.9897165774131539
744.0,2026-07-23,0.01643835616438356,call,0.12482564636230468,9.33,9.51,750.719970703125,0.9910486320260922
745.0,2026-07-23,0.01643835616438356,call,0.12259788543701172,8.56,8.75,750.719970703125,0.9923806866390305
746.0,2026-07-23,0.01643835616438356,call,0.12107202178955079,7.86,8.04,750.719970703125,0.9937127412519687
747.0,2026-07-23,0.01643835616438356,call,0.12037012451171875,7.23,7.39,750.719970703125,0.995044795864907
748.0,2026-07-23,0.01643835616438356,call,0.11811184631347656,6.54,6.7,750.719970703125,0.9963768504778453
749.0,2026-07-23,0.01643835616438356,call,0.11362580718994139,5.86,5.94,750.719970703125,0.9977089050907836
750.0,2026-07-23,0.01643835616438356,call,0.11127597717285155,5.27,5.3,750.719970703125,0.9990409597037219
751.0,2026-07-23,0.01643835616438356,call,0.10932287170410156,4.67,4.71,750.719970703125,1.0003730143166603
752.0,2026-07-23,0.01643835616438356,call,0.10913976806640624,4.19,4.23,750.719970703125,1.0017050689295985
753.0,2026-07-23,0.01643835616438356,call,0.10633217895507813,3.64,3.67,750.719970703125,1.0030371235425368
754.0,2026-07-23,0.01643835616438356,call,0.10340252075195311,3.12,3.14,750.719970703125,1.004369178155475
755.0,2026-07-23,0.01643835616438356,call,0.10144941528320311,2.66,2.69,750.719970703125,1.0057012327684134
756.0,2026-07-23,0.01643835616438356,call,0.09974044799804688,2.26,2.29,750.719970703125,1.0070332873813517
757.0,2026-07-23,0.01643835616438356,call,0.09790941162109376,1.9,1.92,750.719970703125,1.00836534199429
758.0,2026-07-23,0.01643835616438356,call,0.09607837524414065,1.57,1.59,750.719970703125,1.0096973966072282
759.0,2026-07-23,0.01643835616438356,call,0.09461354614257814,1.29,1.31,750.719970703125,1.0110294512201665
760.0,2026-07-23,0.01643835616438356,call,0.09302664794921875,1.05,1.06,750.719970703125,1.0123615058331048
761.0,2026-07-23,0.01643835616438356,call,0.09089043884277344,0.82,0.83,750.719970703125,1.013693560446043
762.0,2026-07-23,0.01643835616438356,call,0.09058526611328124,0.66,0.68,750.719970703125,1.0150256150589814
763.0,2026-07-23,0.01643835616438356,call,0.08875422973632813,0.51,0.52,750.719970703125,1.0163576696719199
764.0,2026-07-23,0.01643835616438356,call,0.08759457336425781,0.38,0.4,750.719970703125,1.0176897242848582
765.0,2026-07-23,0.01643835616438356,call,0.08692319335937501,0.29,0.31,750.719970703125,1.0190217788977964
766.0,2026-07-23,0.01643835616438356,call,0.08497008789062502,0.21,0.22,750.719970703125,1.0203538335107347
767.0,2026-07-23,0.01643835616438356,call,0.08570250244140626,0.16,0.18,750.719970703125,1.021685888123673
768.0,2026-07-23,0.01643835616438356,call,0.08570250244140626,0.12,0.14,750.719970703125,1.0230179427366113
769.0,2026-07-23,0.01643835616438356,call,0.08472594970703126,0.09,0.1,750.719970703125,1.0243499973495496
770.0,2026-07-23,0.01643835616438356,call,0.08545836425781252,0.07,0.08,750.719970703125,1.0256820519624879
771.0,2026-07-23,0.01643835616438356,call,0.08521422607421877,0.05,0.06,750.719970703125,1.0270141065754261
772.0,2026-07-23,0.01643835616438356,call,0.08643491699218751,0.04,0.05,750.719970703125,1.0283461611883644
773.0,2026-07-23,0.01643835616438356,call,0.0898528515625,0.04,0.05,750.719970703125,1.0296782158013027
774.0,2026-07-23,0.01643835616438356,call,0.090829404296875,0.03,0.04,750.719970703125,1.031010270414241
775.0,2026-07-23,0.01643835616438356,call,0.0937590625,0.03,0.04,750.719970703125,1.0323423250271793
776.0,2026-07-23,0.01643835616438356,call,0.0937590625,0.02,0.03,750.719970703125,1.0336743796401175
777.0,2026-07-23,0.01643835616438356,call,0.09668872070312501,0.02,0.03,750.719970703125,1.0350064342530558
778.0,2026-07-23,0.01643835616438356,call,0.1001066552734375,0.02,0.03,750.719970703125,1.0363384888659941
779.0,2026-07-23,0.01643835616438356,call,0.10352458984374999,0.02,0.03,750.719970703125,1.0376705434789324
780.0,2026-07-23,0.01643835616438356,call,0.106454248046875,0.02,0.03,750.719970703125,1.039002598091871
782.0,2026-07-23,0.01643835616438356,call,0.11231356445312499,0.02,0.03,750.719970703125,1.0416667073177475
783.0,2026-07-23,0.01643835616438356,call,0.1157314990234375,0.02,0.03,750.719970703125,1.0429987619306857
785.0,2026-07-23,0.01643835616438356,call,0.12207909179687501,0.02,0.03,750.719970703125,1.0456628711565623
786.0,2026-07-23,0.01643835616438356,call,0.12500875,0.02,0.03,750.719970703125,1.0469949257695006
788.0,2026-07-23,0.01643835616438356,call,0.13086806640624998,0.02,0.03,750.719970703125,1.0496590349953772
789.0,2026-07-23,0.01643835616438356,call,0.133797724609375,0.02,0.03,750.719970703125,1.0509910896083154
790.0,2026-07-23,0.01643835616438356,call,0.13672738281250002,0.02,0.03,750.719970703125,1.0523231442212537
794.0,2026-07-23,0.01643835616438356,call,0.14258669921875,0.01,0.02,750.719970703125,1.0576513626730069
795.0,2026-07-23,0.01643835616438356,call,0.145516357421875,0.01,0.02,750.719970703125,1.0589834172859451
800.0,2026-07-23,0.01643835616438356,call,0.1601646484375,0.01,0.02,750.719970703125,1.0656436903506368
805.0,2026-07-23,0.01643835616438356,call,0.17383638671875,0.01,0.02,750.719970703125,1.0723039634153282
810.0,2026-07-23,0.01643835616438356,call,0.187508125,0.01,0.02,750.719970703125,1.0789642364800196
815.0,2026-07-23,0.01643835616438356,call,0.20117986328124998,0.01,0.02,750.719970703125,1.0856245095447112
605.0,2026-07-23,0.01643835616438356,put,0.48828636718750007,0.01,0.02,750.719970703125,0.805893040827669
610.0,2026-07-23,0.01643835616438356,put,0.4726615234375,0.01,0.02,750.719970703125,0.8125533138923605
615.0,2026-07-23,0.01643835616438356,put,0.45313046875,0.01,0.02,750.719970703125,0.8192135869570519
620.0,2026-07-23,0.01643835616438356,put,0.437505625,0.01,0.02,750.719970703125,0.8258738600217435
625.0,2026-07-23,0.01643835616438356,put,0.42188078125,0.01,0.02,750.719970703125,0.832534133086435
635.0,2026-07-23,0.01643835616438356,put,0.38672488281249995,0.02,0.02,750.719970703125,0.8458546792158179
640.0,2026-07-23,0.01643835616438356,put,0.38477177734374995,0.02,0.03,750.719970703125,0.8525149522805093
645.0,2026-07-23,0.01643835616438356,put,0.367193828125,0.02,0.03,750.719970703125,0.8591752253452009
660.0,2026-07-23,0.01643835616438356,put,0.32617861328125,0.03,0.04,750.719970703125,0.8791560445392753
670.0,2026-07-23,0.01643835616438356,put,0.29883513671874995,0.04,0.05,750.719970703125,0.8924765906686583
675.0,2026-07-23,0.01643835616438356,put,0.28125718749999995,0.04,0.05,750.719970703125,0.8991368637333498
680.0,2026-07-23,0.01643835616438356,put,0.2695385546875,0.05,0.06,750.719970703125,0.9057971367980412
685.0,2026-07-23,0.01643835616438356,put,0.25586681640625003,0.06,0.07,750.719970703125,0.9124574098627327
690.0,2026-07-23,0.01643835616438356,put,0.242195078125,0.07,0.08,750.719970703125,0.9191176829274241
695.0,2026-07-23,0.01643835616438356,put,0.22705851074218747,0.08,0.09,750.719970703125,0.9257779559921157
700.0,2026-07-23,0.01643835616438356,put,0.213875048828125,0.1,0.11,750.719970703125,0.9324382290568071
701.0,2026-07-23,0.01643835616438356,put,0.2104571142578125,0.1,0.11,750.719970703125,0.9337702836697455
702.0,2026-07-23,0.01643835616438356,put,0.20899228515624996,0.11,0.12,750.719970703125,0.9351023382826837
703.0,2026-07-23,0.01643835616438356,put,0.20752745605468748,0.12,0.13,750.719970703125,0.936434392895622
704.0,2026-07-23,0.01643835616438356,put,0.2036212451171875,0.12,0.13,750.719970703125,0.9377664475085603
705.0,2026-07-23,0.01643835616438356,put,0.20215641601562498,0.13,0.14,750.719970703125,0.9390985021214986
706.0,2026-07-23,0.01643835616438356,put,0.20020331054687499,0.14,0.15,750.719970703125,0.9404305567344369
707.0,2026-07-23,0.01643835616438356,put,0.196297099609375,0.14,0.15,750.719970703125,0.9417626113473752
708.0,2026-07-23,0.01643835616438356,put,0.19409985595703128,0.15,0.16,750.719970703125,0.9430946659603134
709.0,2026-07-23,0.01643835616438356,put,0.19190261230468753,0.16,0.17,750.719970703125,0.9444267205732518
710.0,2026-07-23,0.01643835616438356,put,0.18799640136718748,0.16,0.17,750.719970703125,0.9457587751861901
711.0,2026-07-23,0.01643835616438356,put,0.1870198486328125,0.18,0.19,750.719970703125,0.9470908297991284
712.0,2026-07-23,0.01643835616438356,put,0.1860432958984375,0.19,0.21,750.719970703125,0.9484228844120667
713.0,2026-07-23,0.01643835616438356,put,0.18335777587890623,0.21,0.22,750.719970703125,0.949754939025005
714.0,2026-07-23,0.01643835616438356,put,0.18189294677734374,0.22,0.24,750.719970703125,0.9510869936379432
715.0,2026-07-23,0.01643835616438356,put,0.17896328857421873,0.24,0.25,750.719970703125,0.9524190482508815
716.0,2026-07-23,0.01643835616438356,put,0.17701018310546873,0.26,0.27,750.719970703125,0.9537511028638198
717.0,2026-07-23,0.01643835616438356,put,0.17505707763671874,0.28,0.29,750.719970703125,0.9550831574767582
718.0,2026-07-23,0.01643835616438356,put,0.1706625903320313,0.28,0.29,750.719970703125,0.9564152120896965
719.0,2026-07-23,0.01643835616438356,put,0.1694418994140625,0.31,0.32,750.719970703125,0.9577472667026348
720.0,2026-07-23,0.01643835616438356,put,0.16883155395507815,0.35,0.36,750.719970703125,0.959079321315573
721.0,2026-07-23,0.01643835616438356,put,0.16529155029296877,0.35,0.37,750.719970703125,0.9604113759285113
722.0,2026-07-23,0.01643835616438356,put,0.16492534301757814,0.4,0.42,750.719970703125,0.9617434305414496
723.0,2026-07-23,0.01643835616438356,put,0.16187361572265624,0.43,0.44,750.719970703125,0.9630754851543879
724.0,2026-07-23,0.01643835616438356,put,0.16089706298828127,0.47,0.49,750.719970703125,0.9644075397673262
725.0,2026-07-23,0.01643835616438356,put,0.15674671386718753,0.49,0.5,750.719970703125,0.9657395943802645
726.0,2026-07-23,0.01643835616438356,put,0.15662464477539065,0.56,0.57,750.719970703125,0.9670716489932029
727.0,2026-07-23,0.01643835616438356,put,0.15479360839843753,0.61,0.62,750.719970703125,0.9684037036061411
728.0,2026-07-23,0.01643835616438356,put,0.15210808837890627,0.65,0.66,750.719970703125,0.9697357582190794
729.0,2026-07-23,0.01643835616438356,put,0.15088739746093754,0.72,0.73,750.719970703125,0.9710678128320177
730.0,2026-07-23,0.01643835616438356,put,0.14832394653320313,0.77,0.78,750.719970703125,0.972399867444956
731.0,2026-07-23,0.01643835616438356,put,0.1458825646972656,0.83,0.84,750.719970703125,0.9737319220578943
732.0,2026-07-23,0.01643835616438356,put,0.14380739013671873,0.9,0.91,750.719970703125,0.9750639766708326
733.0,2026-07-23,0.01643835616438356,put,0.14350221740722657,1.01,1.03,750.719970703125,0.9763960312837708
734.0,2026-07-23,0.01643835616438356,put,0.14148807739257813,1.11,1.12,750.719970703125,0.9777280858967092
735.0,2026-07-23,0.01643835616438356,put,0.1383753155517578,1.17,1.19,750.719970703125,0.9790601405096475
736.0,2026-07-23,0.01643835616438356,put,0.13648324462890626,1.28,1.3,750.719970703125,0.9803921951225858
737.0,2026-07-23,0.01643835616438356,put,0.135323588256836,1.42,1.44,750.719970703125,0.9817242497355241
738.0,2026-07-23,0.01643835616438356,put,0.13428600097656251,1.58,1.6,750.719970703125,0.9830563043484624
739.0,2026-07-23,0.01643835616438356,put,0.13123427368164062,1.69,1.71,750.719970703125,0.9843883589614006
740.0,2026-07-23,0.01643835616438356,put,0.12848771911621093,1.82,1.84,750.719970703125,0.9857204135743389
741.0,2026-07-23,0.01643835616438356,put,0.12824358093261717,2.04,2.07,750.719970703125,0.9870524681872772
742.0,2026-07-23,0.01643835616438356,put,0.12464254272460937,2.18,2.2,750.719970703125,0.9883845228002156
743.0,2026-07-23,0.01643835616438356,put,0.12494771545410156,2.47,2.49,750.719970703125,0.9897165774131539
744.0,2026-07-23,0.01643835616438356,put,0.12281150634765625,2.68,2.71,750.719970703125,0.9910486320260922
745.0,2026-07-23,0.01643835616438356,put,0.12116357360839844,2.93,2.97,750.719970703125,0.9923806866390305
746.0,2026-07-23,0.01643835616438356,put,0.11701322448730468,3.12,3.15,750.719970703125,0.9937127412519687
747.0,2026-07-23,0.01643835616438356,put,0.1168911553955078,3.48,3.52,750.719970703125,0.995044795864907
748.0,2026-07-23,0.01643835616438356,put,0.11582305084228516,3.85,3.88,750.719970703125,0.9963768504778453
749.0,2026-07-23,0.01643835616438356,put,0.1106961489868164,4.05,4.09,750.719970703125,0.9977089050907836
750.0,2026-07-23,0.01643835616438356,put,0.11109287353515623,4.53,4.57,750.719970703125,0.9990409597037219
751.0,2026-07-23,0.01643835616438356,put,0.10981114807128906,4.97,5.01,750.719970703125,1.0003730143166603
752.0,2026-07-23,0.01643835616438356,put,0.1071256280517578,5.38,5.42,750.719970703125,1.0017050689295985
753.0,2026-07-23,0.01643835616438356,put,0.10706459350585937,5.78,5.98,750.719970703125,1.0030371235425368
754.0,2026-07-23,0.01643835616438356,put,0.10297527893066405,6.2,6.4,750.719970703125,1.004369178155475
755.0,2026-07-23,0.01643835616438356,put,0.10193769165039063,6.73,6.99,750.719970703125,1.0057012327684134
756.0,2026-07-23,0.01643835616438356,put,0.10456217712402342,7.52,7.76,750.719970703125,1.0070332873813517
757.0,2026-07-23,0.01643835616438356,put,0.09095147338867188,7.93,7.94,750.719970703125,1.00836534199429
758.0,2026-07-23,0.01643835616438356,put,0.09613940979003907,8.61,8.87,750.719970703125,1.0096973966072282
759.0,2026-07-23,0.01643835616438356,put,0.09949630981445312,8.25,9.75,750.719970703125,1.0110294512201665
760.0,2026-07-23,0.01643835616438356,put,0.098641826171875,10.2,10.51,750.719970703125,1.0123615058331048
761.0,2026-07-23,0.01643835616438356,put,0.13416393188476564,10.89,12.48,750.719970703125,1.013693560446043
762.0,2026-07-23,0.01643835616438356,put,0.14701170379638673,10.24,13.69,750.719970703125,1.0150256150589814
763.0,2026-07-23,0.01643835616438356,put,0.14655394470214844,10.98,14.44,750.719970703125,1.0163576696719199
765.0,2026-07-23,0.01643835616438356,put,0.165047412109375,12.99,16.62,750.719970703125,1.0190217788977964
766.0,2026-07-23,0.01643835616438356,put,0.16407085937500002,13.86,17.38,750.719970703125,1.0203538335107347
768.0,2026-07-23,0.01643835616438356,put,0.1839070867919922,15.86,19.61,750.719970703125,1.0230179427366113
780.0,2026-07-23,0.01643835616438356,put,0.25489026367187506,27.99,31.62,750.719970703125,1.039002598091871
788.0,2026-07-23,0.01643835616438356,put,0.298285825805664,35.99,39.62,750.719970703125,1.0496590349953772
